,num bidders,avg rev
0,2.0,2.8284271247461903
1,3.0,4.330127018922193
2,4.0,8.0
3,5.0,7.826237921249264
