,num bidders,avg rev
0,2.0,2.8284271247461903
1,3.0,3.4641016151377544
2,4.0,3.2
3,5.0,4.47213595499958
