,num bidders,avg rev,avg num med
0,2.0,2.8284271247461903,2.0
1,3.0,5.196152422706632,3.0
2,4.0,6.0,3.0
3,5.0,6.708203932499369,3.0
