,num bidders,avg rev
0,2.0,2.5455844122715714
1,3.0,4.503332099679081
2,4.0,5.2
3,5.0,5.813776741499454
