,num bidders,avg rev,avg num med
0,2.0,2.8284271247461903,2.0
1,3.0,3.4641016151377544,2.0
2,4.0,2.0,1.0
3,5.0,4.47213595499958,3.0
