,num bidders,avg rev
0,2.0,2.8284271247461903
1,3.0,5.196152422706632
2,4.0,6.0
3,5.0,6.708203932499369
